id,log_price
6375849,4.18835
4188426,4.73841
12090887,4.88076
4150932,5.29878
883306,4.98128
14280057,5.81564
3310897,5.2134
20209791,4.30958
4916340,5.12252
16491214,5.17695
18370554,4.74453
11377777,4.22358
15941800,5.10984
19488246,4.0724
15578871,4.36877
5730475,4.99448
21005685,5.53805
14151315,4.91254
13477234,4.52972
4089962,4.30598
9858645,6.61182
1905849,4.17672
20804409,5.69972
17471070,5.71993
16162247,5.50161
13637118,4.71662
20135381,4.44712
17464043,4.30472
17996972,4.42856
172499,5.16395
2183058,4.28098
13700539,4.82635
3937630,4.71685
8029217,4.88014
1154616,4.363
13117361,4.18438
1778259,4.53966
1134369,5.99625
11063369,4.3065
18151451,5.0502
9349734,4.88597
7526214,4.86345
12407244,4.11187
816637,5.24352
15552862,4.3089
12110676,4.13956
18105074,4.39325
11058303,5.01437
15164380,5.30673
1327725,4.35399
1798210,5.05157
8295116,6.46505
7332196,4.56681
9328320,4.96631
16013320,4.35771
14749616,4.57992
6487196,4.29169
16258482,4.82534
13685592,5.63
13731595,4.30656
7689495,4.68079
8764762,4.25099
18140281,5.05984
15297238,5.34905
20309798,6.42796
18354939,4.49834
8700680,4.46528
4638266,4.68165
20697710,5.09333
8017014,4.86647
9897820,4.43451
1528509,5.03641
4695408,4.31881
16994,5.33286
4339760,4.37945
13299849,4.71619
727512,5.81109
16542009,4.5719
6238314,4.83703
20286788,5.14814
4652758,4.30761
4539786,5.56686
14505483,4.52094
6186696,5.25938
4795922,4.28598
1551164,5.14284
16615274,5.18605
14204631,4.84361
14804661,4.87308
7805526,5.10893
13526649,4.5191
743374,4.48604
283081,4.41503
669831,6.16617
13780073,5.07562
5105768,4.9392
5083565,5.19869
13569664,4.27949
16339422,4.98081
874683,4.54202
18507833,4.32746
12983022,4.35381
13653708,4.34334
6912969,4.43009
13318150,5.00962
256049,4.4667
2272157,4.75058
7997276,5.46164
3053622,4.39143
2517969,4.41926
12064423,4.46788
20171578,4.38585
10767017,4.74135
4717267,4.27231
16112389,4.45036
12858189,5.09631
13112632,4.60351
17673182,4.17203
20188858,4.6585
18122160,4.39923
14705753,4.69407
15314862,4.79276
20784725,5.15249
642065,4.219
12324274,5.90128
15066930,5.49996
7859978,4.30638
3615642,4.70081
4446693,5.47395
18447531,4.79385
21013499,5.24573
17684135,4.28541
15410847,4.55347
13883870,4.92089
5307450,4.89515
15633281,4.99654
6884891,4.18285
7002800,4.16361
4275780,4.83206
8309875,5.38839
8808352,5.32146
16391929,4.78401
1339442,4.96786
10912283,4.96975
11498590,4.90653
14014150,4.42585
19188025,6.56083
8825458,4.39032
18900353,4.24015
20087012,4.30906
21092941,4.31827
15525488,4.67304
16275218,4.86793
16365922,5.07315
9303877,4.80017
3075018,4.93564
17936963,4.82992
7630302,5.02988
4363116,5.07084
3838375,5.3104
2560403,5.10785
20479960,4.4139
3789400,5.74462
16543067,4.23653
18003134,4.4115
17955761,4.8678
521672,4.46172
2560624,6.02896
18755951,4.21229
17494449,6.15318
4118234,5.27138
15507139,4.96045
12210226,4.07145
18285921,4.41783
20758508,4.16039
4108547,4.25529
4462491,4.41008
1954525,4.16578
8458044,4.54969
2253836,4.52122
14788324,4.60545
8535434,4.14319
1434065,4.68148
17556208,4.30059
5708026,4.29789
1584147,5.00559
346260,4.37945
2204226,4.47263
13007839,5.18554
9079698,5.37763
13129905,5.10183
9331587,4.41095
4857055,5.20253
7569713,5.40818
15915030,4.18124
14913197,5.77499
8992929,4.30859
11544438,4.18646
7247779,5.08784
19567629,5.20764
18125511,5.91292
1872838,4.46376
10038170,4.21923
24030,4.51711
1875082,6.16277
851634,4.58058
2624493,4.74965
19184249,5.02749
16675408,5.13392
15238259,6.47767
17960113,4.91418
4198153,4.2932
658932,4.33678
9156290,4.82812
11650510,4.62906
4885382,5.03281
4449611,4.5032
1039540,4.8295
14416538,4.26488
18238531,5.31648
14139920,5.54442
15649018,4.20827
16814700,5.86797
17649142,4.21359
10213460,4.41481
16213550,4.75957
15707880,4.38081
212109,4.23725
14057870,4.82752
16097979,4.66757
770514,5.26008
20741428,4.77342
8048593,4.76636
15717561,5.16845
8616888,5.48166
18229067,4.28547
2817329,4.91359
7275423,4.53406
14426371,4.95132
17828330,5.05498
7816,4.72624
13634097,5.10773
14843492,5.02576
15899357,5.30557
8634599,4.18132
13450669,4.15692
16781169,4.28496
19526750,5.61824
14109003,4.72923
21056653,4.22143
13789539,4.39399
1529367,4.39624
4741982,4.38115
15565649,4.50062
4225075,4.61879
17257925,4.82491
1495260,4.39742
13574259,4.22889
16584632,4.44646
6123270,4.42751
12318127,4.17713
3519820,4.47256
307287,5.3864
11923366,6.44041
2273613,4.2129
16532384,4.90166
3465351,5.09149
1178500,4.31053
21157757,5.6495
15800085,4.22366
19119279,4.95438
16589799,4.93042
19861088,4.31244
6454003,5.81926
18288169,5.14745
9197687,4.38891
13145377,5.02508
9384680,4.44661
9367472,4.5273
6560234,4.77439
13618053,5.39753
18836337,4.46528
16917453,5.44749
12778064,5.34534
4948928,4.56989
12273360,5.14952
13548986,5.45325
14028571,4.48649
11640575,5.03866
14354732,4.36449
9563211,4.87841
67774,5.47129
18386915,5.14118
13473124,4.66087
2214831,5.35512
12055213,4.51825
13845597,5.772
12344695,6.25144
13378892,4.19161
13476108,6.03783
13642631,4.29226
17699481,4.1388
13390302,5.27238
14720787,4.74969
11816435,4.1894
14418483,4.68264
16395375,5.50697
1988544,4.83794
9433824,4.7567
1567225,5.53568
16897115,4.44407
865033,4.59417
2897100,4.93359
15522170,4.3591
7904295,5.45626
5953696,4.18851
15034752,4.84751
8077721,4.34621
13184939,4.75524
1646541,5.13215
287847,4.8005
17419327,6.43801
10036192,5.1405
12445187,4.29932
9644430,4.68446
15229865,4.98284
9841130,4.38129
18941587,5.26638
13320020,4.51749
13239943,4.88689
13532789,4.49759
8151681,4.30472
7329319,4.98181
674757,5.24035
16253237,4.1362
5205143,4.82716
7419046,4.41501
16353229,4.75245
5047764,4.89605
2292057,4.59513
16560262,4.98374
15059706,4.36359
13381545,5.46206
5959565,5.0248
845502,4.47256
13111732,4.14372
1906230,4.17849
3544530,5.54323
12649685,5.32752
21171969,4.8649
12953862,5.16626
5769218,4.21197
11056715,4.91468
12211598,4.79665
16508443,5.57589
3386024,4.98944
16691795,4.19815
1736064,4.27461
5661339,4.40643
12000603,5.19025
13751537,4.76523
3157261,4.37853
14090022,4.33783
9393041,4.2433
16480273,5.14284
18652866,4.81588
6940692,6.53388
5588559,5.16831
17855771,5.21787
13912293,4.33713
20574167,4.70521
6347967,4.68327
7527373,4.59879
5719606,5.01368
13796564,5.18698
3595503,4.71662
7065694,4.22222
8817902,5.32089
10682199,4.28648
13332342,6.15891
4809273,4.76624
16578740,4.15624
15857259,5.53686
15218342,5.7139
5194812,5.19218
1437044,5.09927
19302761,4.34878
6227027,4.33337
16188366,4.8131
6013186,4.90713
13899572,4.27303
10438830,5.11703
15814971,5.12875
9592655,4.14549
10838646,5.08767
6596562,5.26079
17168028,4.96801
4183219,5.38433
12950694,5.22075
2845318,4.38797
16674618,5.19805
14292249,4.45467
16499824,4.44585
20333471,4.0496
7364008,4.92409
14375073,5.34762
3694996,4.56196
10053943,4.96248
2082729,4.98405
13042051,4.19842
20137347,4.21347
16226427,5.24595
16097795,4.88536
16228346,4.84011
214696,4.42862
9684136,4.28431
16302869,4.8473
8861149,5.15753
18376849,5.50787
13590879,4.65837
10174955,4.29293
17955648,5.3054
19813728,4.1664
8957012,4.9268
16530120,4.22334
17419796,4.95657
18018752,4.84025
14359176,4.93943
5066526,4.29864
17850359,4.76412
944040,5.00546
1724900,4.33371
9546364,4.37928
6816981,5.2128
2231564,4.22784
18612981,5.50411
5445126,5.3403
15524116,5.39016
11863509,4.29112
7282013,4.34027
8653999,4.26052
3635268,4.76165
17269133,4.08793
8190521,4.60484
630973,4.91162
892297,4.22971
15902331,5.1105
6389499,4.36803
3405746,4.25343
18488335,4.25825
6886371,5.80581
19363356,4.36223
7497203,4.76815
16206537,4.32291
11011261,5.50621
14112389,4.46604
16463655,5.43595
16780310,6.23573
18254225,4.23191
9452639,4.47256
5728,4.82059
7582821,4.38106
7849828,4.4849
8899450,5.3449
14467416,4.91969
3993392,4.19343
13156982,5.04161
8755259,5.42014
7451212,5.11356
2298310,4.7763
2139059,5.11894
15356626,4.94466
10747219,5.34694
6839938,4.29998
2670669,4.91554
14968285,4.38046
10986510,4.60717
6970746,4.27634
16161888,4.48681
9351679,4.7315
7331835,5.1791
16285598,4.97502
18154802,5.39873
137121,4.50875
19037243,4.41399
14417576,4.45103
18549719,5.12831
18181026,4.64766
508542,4.92577
1017799,5.43508
18505431,4.09903
18303731,4.51217
9999919,5.37974
8304721,5.62426
18472494,5.12584
4216813,4.43155
20689426,4.87497
10749118,4.64549
19533456,5.62443
3129815,4.96188
14058251,5.31051
2135075,4.80432
20996848,4.52221
4453821,5.09552
10368055,4.75509
13388378,5.54243
12379994,4.85035
9250014,4.57992
821135,4.77609
16719029,4.41097
906749,5.54777
14198872,5.69967
9900494,4.47463
18737787,4.08896
14742433,4.39163
6815426,4.3943
5061940,4.70319
263888,4.27769
12021655,4.29058
2198970,4.57916
11256080,4.43003
10232789,5.09608
19141729,5.60361
1550495,5.54667
16368646,4.37188
16268243,4.95514
20810636,4.18938
14757216,4.53173
15506062,5.64267
7614781,4.97168
7009122,4.19072
500560,4.30737
14312472,4.60952
13778731,4.20804
18896380,4.35597
76074,4.78613
602535,5.05162
16896225,4.37477
16520247,4.79208
19682041,5.56346
1360926,4.19346
9474116,4.20484
7090174,4.85075
15583746,4.92585
6584942,4.49879
104457,4.19256
12878830,4.84698
16221083,4.75699
14935344,5.72664
20832,4.61634
18328906,5.49734
13216268,4.40719
15485611,5.86353
9980086,4.6165
1378703,5.17035
18792188,4.33392
4922917,4.54732
342420,4.49217
4821623,5.22628
18271002,4.78208
13874243,5.2666
6601416,4.37411
14789661,5.42294
4575812,4.58083
12763008,5.49644
15099343,4.27681
16767354,4.52254
12853810,4.1478
10546729,4.41884
2694274,5.60824
8936896,4.28166
12199710,5.28818
212178,4.41314
14428417,5.2213
8301159,4.90456
19890993,4.89162
16528455,4.25782
9767819,4.32251
6602683,5.10035
7728122,4.41047
19412875,6.04298
10839260,4.77968
13980610,4.8934
8684082,4.93402
14913167,5.54766
8276819,4.1058
17556901,4.34195
13671645,4.43304
10908295,4.95178
15452912,4.81169
63421,4.46646
8324627,6.09924
6862482,4.93255
5354796,6.16836
14233415,6.50711
8597138,5.16964
8795721,4.46887
8306587,5.55665
9490679,4.91325
2067703,4.29696
13452769,5.38121
5468354,5.32026
8851289,4.26488
14867152,4.67569
17937082,4.46692
20928742,4.17868
16707516,4.71896
20762455,4.70263
1305969,5.53846
14836662,4.13274
20067344,5.58193
13432289,4.28478
15295996,4.93038
352938,4.19773
20708173,4.34992
1460174,5.75163
20458339,4.82067
13751603,4.24676
15423943,5.30856
3790048,4.67708
2236318,4.37335
13686109,4.57992
15553484,4.45191
3950712,4.93438
19100120,4.89462
19845711,4.32295
17625542,4.39423
13997902,5.00944
4613116,4.99531
13669006,4.74405
8791446,5.65092
11801260,4.36839
14289340,5.51207
19113124,5.17047
18077208,4.27749
20045641,4.4186
15338858,5.53971
17093844,4.24743
17207969,4.91292
2210041,4.86784
9806996,4.26958
15990648,4.10401
6055808,4.17767
13140220,4.22411
7653685,4.40856
170420,4.34624
19191446,5.30267
10033322,5.36785
6415052,5.11366
9692205,4.39695
20568978,5.02724
16465175,4.80164
19495120,4.9363
2478825,4.25863
19805832,4.96487
6328175,4.13022
17239597,4.94514
11868110,4.80135
13316705,4.21375
8207003,5.03981
4554977,4.39815
10164643,4.46311
7093008,4.3039
13847251,4.28647
3201408,4.94286
5659666,5.21331
17138182,4.46838
8210686,5.07449
18971993,4.48262
16740830,4.29022
3743103,6.20608
6716714,4.22448
18775748,5.23301
19019082,4.58582
15675542,5.13082
2223646,5.07457
20640049,4.71887
15362927,4.23373
18458353,4.49843
20469880,4.98729
9959328,4.37516
5948226,4.86353
6957385,4.17183
10102005,5.67919
16336352,5.13002
8880980,5.95368
15495618,4.37829
649985,4.96303
15566857,4.30742
1724823,4.9104
15633242,4.93479
18498138,5.01831
15888970,5.00087
10885058,5.9891
17347812,4.32073
9462694,4.37218
19402517,5.18797
18753645,4.73971
4134035,6.0588
4106108,4.44703
4025913,4.6364
4111538,4.82566
3139918,4.32549
19432549,4.70501
3060146,4.93361
4839805,5.24
6957055,6.32205
19557398,5.18697
11322285,4.16292
8247721,4.55108
12496049,4.14486
14362124,4.38011
21141220,5.98358
17751424,4.93467
18006435,4.39343
18780199,4.33865
16136235,4.92332
13752840,4.46951
4734196,5.09182
17515351,4.68744
11344476,5.12803
5761032,5.51108
12325036,4.4667
14694,5.6409
14785773,4.96203
21174772,4.60466
19965684,4.95157
9457545,4.19593
12601747,4.36728
9717766,4.79665
6080283,4.41629
4612533,4.42338
62519,5.57861
5402060,4.64671
7307682,4.70774
13377204,5.30801
2243417,4.98417
250536,5.24688
7822653,4.69587
7545817,5.79411
13616522,4.33987
17282016,4.51888
11413100,4.61277
17830006,4.16278
13866500,4.22596
15790640,4.11103
15421820,4.83965
16831048,4.42353
16323031,4.68473
19965827,4.58337
21222357,5.26224
14859885,5.0795
20917199,4.35987
2559573,5.18729
10834971,4.42937
5354632,4.73546
17387889,4.94873
6898240,4.31061
15256762,4.18118
5770483,4.22222
4759361,5.21615
4792192,5.59705
4654737,4.81421
16528623,4.57033
19184777,5.65434
3208870,4.346
7497015,4.30727
18142958,4.45968
14014629,4.26177
11341132,4.42387
17210305,5.04483
14773658,5.50131
11949706,4.43009
16470182,5.10139
15313589,5.5755
449126,5.24932
14404658,4.98409
1901533,5.00367
7637515,5.7974
5372378,4.4566
14577490,5.26126
12231779,4.89328
21135115,4.21173
14996221,4.55916
776555,5.28105
8426964,4.29059
11642937,4.26509
13186504,4.66152
17478309,4.98544
15284876,4.63195
5069285,4.20997
12467348,4.19086
1806647,4.75206
16368430,4.57935
19227560,4.04651
17045111,4.41854
3176075,4.32201
2071446,5.23606
5846646,5.36071
20038847,4.81894
5786253,4.11289
7389646,5.37622
16370633,4.70549
14281111,4.17006
8622803,5.71127
16616554,4.48126
4276354,5.09468
4277614,4.43455
629855,4.48681
10427768,4.82675
2933879,5.10175
6980091,4.55639
743090,5.81996
258412,4.80638
10436077,4.15716
6677173,4.16055
15733042,4.41704
16147405,4.17274
9451156,4.47876
8456857,5.04445
10075145,4.56912
16917171,5.16282
16377844,4.93225
13348987,4.74398
15287161,4.82239
16460472,5.43996
14218657,6.33738
1151388,4.91236
16140364,5.57832
9788549,4.86205
14846659,5.01138
17510784,4.17902
6590563,5.1172
7808274,5.74646
2339843,4.29908
7205668,5.93011
6364086,4.35164
15714121,5.1878
4572965,5.69077
12385271,5.79785
11594296,4.96885
4091629,4.9558
13282320,5.27554
14006688,5.75992
15755100,4.92054
16700922,4.92708
2867079,5.81216
855462,4.87513
11275233,5.01683
16083221,5.36842
14500090,4.29757
3079237,4.30496
17371171,4.99855
3167768,4.41378
16931305,4.79931
2980184,4.12575
14068781,4.82168
20723464,4.43663
160609,5.23404
17436077,4.41557
6311308,4.4188
10385405,4.23404
17557447,5.05783
5537682,4.43977
16775597,5.70844
995558,4.52211
3592973,4.28755
13867110,4.46151
15447698,4.44747
7725573,4.47179
11651528,4.48669
15115201,4.12296
2600380,4.43038
20898704,4.33979
6827028,5.36527
16086162,5.79925
15953741,5.40456
10390256,4.49578
8595227,4.77237
2208567,4.32519
13941593,4.38751
2642792,4.80114
15873181,4.21893
11970867,5.1936
14408114,4.55916
17526985,4.38129
13577736,4.84214
12950848,5.07407
1755484,5.10761
7474172,4.81442
762058,4.22843
20325974,4.3472
8763294,5.22775
3200431,5.07392
15674821,5.11227
13777395,4.33727
20784807,4.44712
16228718,5.0533
9010363,4.2972
17023626,4.52299
17438964,4.38694
1335146,5.12294
13100839,4.68464
2836147,5.16343
4288782,5.74324
9738950,4.52033
11862618,4.71387
15207809,5.79596
14389569,5.31395
20367610,5.33115
16760306,4.1826
7748422,4.67201
4334654,4.16187
21158775,5.39178
1587078,4.26804
18245194,4.71465
19017366,4.77108
15307704,5.38004
16995743,4.35844
11433385,5.39934
12489476,4.37855
10137551,4.30057
31237,4.9815
9298731,4.06459
4729374,4.87386
15025907,4.19659
14335513,4.3738
18912787,4.23683
10577391,4.80539
10246134,4.20061
16645989,4.40087
17759744,4.60864
18283511,4.69528
233431,4.3409
16284856,4.80228
17478882,4.83434
9151248,4.8906
7842221,4.46723
13669891,4.86055
14341673,4.72181
13656019,5.1931
4396919,4.51521
7913309,4.80265
778390,4.96916
16947113,5.02881
18088294,4.94672
10378768,4.80017
14245886,4.30177
1135632,4.54945
15134333,4.50579
5318780,4.50579
20846630,4.22079
8993307,4.72405
3050677,4.41425
14472812,4.55004
3494791,4.91087
13003378,5.01037
12432535,4.2295
19811930,4.36043
7824260,5.36937
5561703,4.99873
10943827,5.06092
17149950,4.8122
19141112,4.76905
10096788,5.77133
21081721,5.91364
10410020,4.94451
7472710,5.41144
14404145,4.26692
9845836,4.23172
1678677,4.45332
13733926,5.1518
20800449,4.21997
18429837,4.72957
16163137,4.43619
1103947,4.48681
16245671,4.26849
654835,5.71971
11299734,4.47256
18423484,4.4021
662171,4.53878
11848146,4.40584
1751569,4.23397
3410529,4.27691
17797120,5.26014
20857866,4.40824
9324841,4.30562
16071075,4.29412
17651049,5.49399
6254456,5.68057
11355208,4.34039
17607191,5.10274
4308612,4.76663
15340412,4.99024
16927533,4.28769
581488,4.3626
8673276,5.0107
4404486,4.35468
715102,4.77323
8473221,4.306
13045712,4.15321
5348264,5.53222
11873129,4.29208
16148533,5.38186
16509098,4.44505
12575461,4.82515
6316763,5.3994
3902156,4.4699
18572441,4.42427
7575052,4.13996
19556100,4.66093
19139244,5.08392
886821,4.54179
13163670,4.25411
1950492,5.44887
10864428,5.39732
18012028,4.96831
16288234,4.37868
8042913,4.73572
16781108,4.41362
4719848,5.73112
4269727,5.40657
10010250,4.46604
1998807,4.9125
2582812,4.31181
14284886,4.94191
13466117,5.14315
17388171,4.22312
1167658,5.39637
2071546,5.20052
65660,4.28413
21005520,5.5494
14695540,4.84736
10843988,4.60326
16221859,5.42452
17264269,5.00291
15580817,4.80845
1432914,4.93438
566712,4.29805
9902383,4.18171
17554310,5.06461
13189406,4.8264
12652181,5.16703
14202170,5.59723
5271750,4.99003
15234002,5.04094
18669647,4.67262
4453658,4.58994
4084603,4.43883
14295988,5.11159
591167,4.5627
20915959,4.99923
2241084,5.31351
19181272,4.21678
2559090,4.86903
13135822,4.47649
10830493,4.40594
4571518,5.03615
15707552,4.26914
17093618,5.24065
14021937,4.49333
18541897,5.52366
14220873,5.38229
15222861,4.37322
15558753,4.32749
17930119,4.43038
9920984,5.21498
20916388,5.28466
13603857,5.2654
16041362,5.51709
8592740,4.41095
1102963,4.17665
16275122,4.20958
4190323,4.1511
197753,4.34209
12966319,4.46041
6450468,4.42044
13725995,4.86452
2536263,5.11328
15303136,4.35633
17189819,5.23524
12411380,5.19632
17832190,4.95346
15568596,5.75513
8560043,4.39609
11550900,4.46604
4375375,4.46788
6426240,5.31891
7972755,4.813
11240515,4.67514
12711969,4.45054
18504200,4.13853
20582759,4.32549
3742066,4.8707
290974,5.03003
13459181,4.45805
7518967,5.52251
15436457,4.72905
17625485,4.89894
20412802,4.46604
15127787,4.78778
16711908,4.95454
1191606,4.82787
14303304,4.80052
27883,4.80525
7382294,5.21301
19049449,4.5591
17895043,4.10258
10996064,4.96485
20137576,5.29562
3434944,4.66501
2209751,4.29613
9709801,5.26526
50447,5.15071
4976785,4.03817
12232431,5.23157
12293900,5.06134
14571205,4.19751
9381315,5.14259
537602,5.37365
13294859,4.55967
11573269,4.24697
11880648,4.32549
16720408,5.11893
17149111,5.06471
16273693,4.40655
5434655,5.1126
13078772,4.97963
13100921,5.12179
8966224,5.20927
223597,4.87722
10788299,4.13158
15037541,4.83217
13820696,5.83347
14235563,5.19288
16353257,4.39649
13417889,4.27794
6615436,4.36125
4887059,4.84277
8795857,5.19196
9365502,5.2909
15678122,5.21015
12654999,4.32251
15872277,4.84311
16867024,4.32985
19871818,4.75486
20997965,4.97038
1008076,5.70665
10038317,4.76347
15772136,4.1191
16056763,4.62959
16829862,4.41281
16146930,5.12948
19998578,5.78903
14804934,4.94802
18458938,5.15454
13467773,4.28909
8352508,5.36352
5499922,4.94236
9170129,4.78144
771647,4.22708
6919971,4.93461
16506944,4.96103
13915013,4.20545
7917779,4.23473
14745026,4.60867
4315895,4.06411
8488594,4.46604
2214689,4.27656
12674327,4.93259
8558285,5.29348
6884859,5.17381
18650087,4.63832
12301343,5.26017
10633235,5.30205
15397595,4.19688
3946471,4.26022
8089979,4.79229
16928573,4.65649
18995954,4.93438
2397134,4.64491
4678795,4.6652
15050044,4.99554
2888088,4.76577
20073529,4.55981
169080,5.17185
7440655,4.42028
21217225,5.02084
4567024,4.363
16323914,4.33967
2625619,4.39575
6902349,5.789
11678327,4.99908
10517693,4.69524
6611847,4.49212
7196771,4.3306
9595053,4.56058
19873507,4.9131
13878440,5.66462
18286251,5.0132
9301755,4.25959
7718995,4.47179
1073832,5.52106
8115918,5.17568
12739885,4.30918
1343806,4.58974
12732671,4.74632
20066623,5.83136
11223414,5.85677
6004138,5.41863
14685276,5.81175
3311830,4.15707
364275,4.61107
19014065,4.34415
20758205,5.82333
13643586,4.78495
5918354,4.28436
11546806,4.19701
17938886,4.9311
16140113,4.95569
7637112,5.20994
15463774,4.04817
3783021,5.03871
20723015,5.05938
1233497,4.99939
17518933,4.3375
10435334,4.43084
4044277,4.2571
2524213,4.39849
18892243,5.12314
19006610,5.12549
15238801,5.37439
15485701,4.2181
673946,4.28596
422720,5.58015
19402510,4.36042
7331233,4.39059
15742619,5.01732
7710250,4.98239
6232720,5.54989
3343428,4.36984
13000890,4.26248
11103848,6.67299
13623386,5.47498
3605493,5.23518
3563271,4.19203
9404985,4.39624
1944802,5.01422
13999742,4.37745
12359992,4.71928
12208307,4.12085
13846217,4.63127
12584271,4.40696
11041684,4.55981
910976,4.12887
637504,4.3753
10852302,4.48681
19982359,4.27469
6559888,4.43537
21121801,4.76992
14305759,6.01157
4180134,4.57992
14993309,4.81581
3192954,4.89584
16653051,5.21371
1881801,4.37335
15855646,4.20361
10060867,4.41322
3016830,4.28414
15835859,4.79164
19331142,4.90225
3464551,5.30569
1445977,4.32767
12339987,5.14974
12591611,4.22033
16798370,4.75575
6660706,4.7371
9359933,4.73506
10789121,4.32899
4825135,3.96533
2804989,5.32566
731232,4.20132
5338813,4.42256
18088986,4.7077
15261353,4.35386
13625566,4.89219
15482512,5.34906
8762969,4.91393
19890678,4.13583
11374,4.55973
522443,5.26309
10790087,5.41409
1806651,5.0888
19522664,5.62426
3975893,5.33982
7808565,4.21967
18157208,5.56264
19692726,4.75968
873602,4.78404
18433054,4.37248
19134112,4.93378
10137048,4.33392
1541692,4.38109
18464161,4.29441
935967,5.07576
15257428,5.77162
13735741,4.98889
1768239,4.20179
6571935,4.40571
11148631,4.63195
14026544,5.35533
10807113,4.6411
6324586,5.24926
6074676,5.06012
17636531,4.20065
16839686,4.28176
15534686,4.48689
18176114,4.29399
4440003,5.13141
14249845,4.29067
2524034,5.87676
6450457,4.42596
10084623,4.56228
18313713,4.2253
19768754,4.74034
14094480,4.24122
14928996,4.5679
4687326,4.2251
3322512,4.55733
20783302,4.54068
13098775,5.56344
19697625,5.04234
14969954,5.34791
1220231,5.17185
19943029,5.5159
9635206,4.55188
4864856,4.99158
20186673,5.59791
7679943,4.16132
4077428,4.165
12803883,5.48977
16704550,4.52707
12614397,4.25401
18568551,4.99404
3010416,5.47336
17512880,4.37681
16539744,4.79994
10550732,4.84781
718027,5.03949
5882411,4.7555
11657112,5.2732
2846684,4.20161
16842606,4.31229
17406798,4.28783
17779282,5.09392
11618532,5.12647
9488756,5.05255
10731289,4.38063
17271128,4.33302
10105606,4.6113
18242650,5.12369
13750103,5.25251
15240666,4.48847
12804309,5.3428
2636716,4.87065
2218887,5.15264
15646978,4.66243
57479,4.39309
13547660,4.17875
16755248,5.21501
14617354,4.38282
175581,4.93331
20974402,4.79157
3237160,4.4101
3953880,5.10515
9529270,5.7306
1731245,4.94071
10011290,4.32543
15928435,4.35758
882530,4.95005
3791764,7.08473
8964263,4.36851
12268272,5.01792
18870281,5.21861
8249156,4.60391
14989101,4.3604
578005,4.31221
5535548,4.48604
12594614,4.72954
19308597,4.7797
11868050,3.98659
9998340,5.07897
16829186,5.09452
881161,5.08872
16123459,5.00639
4867016,4.79358
10267693,4.79121
8347980,4.46528
748222,5.22834
9941890,5.05279
20455271,4.88288
16474924,4.88635
4484620,5.42631
8673111,5.40288
7434316,5.21626
14824684,5.00419
7341076,5.68937
13716102,5.86621
9389644,4.97016
13754456,5.10279
17812748,4.21203
507927,4.95435
18134948,4.90802
8883139,4.37734
10977007,6.75852
3987926,4.87977
9427046,4.36631
17514911,4.9693
20228320,5.58024
6837431,5.45563
19360803,4.96179
13769503,4.1272
717046,5.09745
15190253,5.93968
8369857,4.95514
15140520,3.96631
499096,5.27026
12306187,4.79907
20712399,4.52546
5718921,4.773
16329617,4.98092
15551731,4.47217
18471556,4.97971
4586880,4.96232
16118419,4.73581
20655777,4.82708
14550310,4.25788
20818827,5.22299
14242995,4.50792
17448296,4.8275
7174436,4.34797
17447049,6.21742
13987302,4.36948
16030192,5.02797
16351425,4.36562
16847289,4.37665
7762173,5.00969
20652643,4.59932
13396708,4.44616
11848493,4.17057
13078148,4.96155
8016953,4.78998
16569426,4.06769
13652681,5.14987
15371739,4.94733
13207086,5.02312
16141741,5.0257
19721291,4.7478
12009170,5.30503
17481484,5.07083
18196304,4.53276
3627326,4.41095
3781088,4.30443
8133014,4.24734
19692285,4.57992
1363737,4.24351
18462718,5.79453
5834137,4.28255
3250595,4.47262
62995,5.36254
7240396,5.10779
16824583,4.75414
10104444,4.33681
5335683,5.4202
674920,4.29535
12684792,4.69768
12081254,4.52827
7989457,4.74024
15273247,4.17383
20286116,4.23888
83243,4.89117
15356100,4.29326
11863131,4.10647
9780615,4.92254
7818142,5.6011
11040997,4.84492
11584999,4.87677
17667119,5.03495
17961107,4.84454
8490,4.19126
13531852,4.73887
20187809,4.39624
2419483,4.45279
1421774,4.11627
10051629,4.57481
12088322,4.67605
14552346,4.95339
17497921,4.22347
14238443,4.97268
13635380,5.29683
8634152,4.80437
1402084,4.85461
973874,4.38211
19620202,4.84021
17016639,5.16336
61869,4.36288
874684,5.25581
1231802,4.1374
6717076,5.02672
5630576,5.69747
15566451,5.00707
12025371,5.28643
12629237,4.15713
15470047,5.71478
16826528,4.77822
13899483,4.67992
15286037,5.01697
6898268,5.10776
18328526,4.93378
16020019,4.99543
14841279,4.28581
10728792,4.78429
9936729,4.77972
14655185,4.26497
15286887,4.74391
2677706,4.23297
14197078,4.66021
18510813,4.8139
16323231,4.93356
8101762,4.15466
320489,4.29285
12686321,5.39233
9464318,5.42713
15990064,4.42141
10386831,5.26009
2110821,4.89165
18180761,4.37265
12511986,4.88272
7745117,4.26438
20089597,4.44567
870705,5.14946
10053427,5.07085
4163437,5.07698
13309432,4.9489
3051679,5.22886
10709205,4.92047
16214976,4.9469
15360052,5.42986
17556056,4.79154
4676139,5.54249
7651065,4.3134
4228522,5.11294
16051262,4.24766
19013673,5.46038
15020200,4.31373
20115612,4.84225
9748877,4.15108
17479863,4.90272
6324345,4.73467
16860728,4.29738
16026615,4.73386
908595,4.31769
10158442,4.16372
284664,4.8545
6403422,4.21955
1856803,4.33554
8036680,4.89996
17585662,4.29658
14741430,4.98418
8882782,4.75307
7496455,5.87946
18979981,4.41867
4701208,4.482
10968096,4.61335
326787,4.28414
20746543,4.40859
2453739,5.68693
3324760,4.8205
16307229,4.71396
16276214,4.80643
14745488,4.15031
10803849,4.45009
13358375,5.07707
504643,4.32409
18158031,5.17326
17780599,4.28986
8027689,4.20939
5779471,5.58029
15356951,4.5937
6288718,4.6088
14576360,4.55107
9789339,4.96071
9491126,4.21798
13392391,4.34641
18360262,5.37419
4439903,4.78701
7157814,4.31772
16781086,5.35563
3389960,4.45085
16426270,5.53018
729420,5.10966
55668,4.84502
9436315,5.39825
79101,4.43242
17720761,4.72394
15393322,5.62353
673061,5.47281
18999626,4.18517
20554835,4.83281
10441042,4.58279
13513890,4.4382
14609804,4.3612
12734936,5.50907
1109640,4.40726
1031680,4.2686
13562613,4.79382
17723336,5.0638
1055233,5.60353
7025793,4.76698
14321974,4.14531
16766936,4.34457
16723682,5.07457
18054501,4.87589
19020833,5.37023
1326566,5.08646
16057255,4.54395
8647251,5.2852
11031059,5.07576
9925099,5.30267
15122925,4.64097
1849717,4.31663
14733879,4.32207
5392318,4.46604
3911162,4.44884
15337391,4.72316
16869642,4.61053
14900808,4.28514
6611594,5.43478
1525484,5.07449
17559377,5.10677
18139592,4.24662
3636356,4.97744
17143375,5.1292
6701577,5.48209
14196795,4.97558
3364289,5.15575
15568495,5.09948
15860683,5.26428
17593853,5.21834
12473199,4.97105
14014273,5.32707
16197002,4.61363
11338902,4.70637
2236561,4.19625
16737908,5.16769
779838,5.11135
11480618,4.07447
15956223,4.15764
7828567,4.35559
10051770,5.10441
6659165,4.28713
12608025,5.32636
14886240,4.35335
4932856,4.77667
1275942,4.80624
6448950,4.40528
20523808,4.40685
8484211,4.54191
3359272,4.91843
5927579,4.16191
13216565,4.81364
16258511,4.91183
1336402,4.52774
13924507,4.21955
6591096,4.4586
7740527,5.58888
15064899,5.19063
12274953,4.2718
18430998,4.18073
12543257,5.11916
9494662,4.43282
747605,5.35339
21119782,4.82585
17650262,4.33385
110576,4.94996
382111,5.06872
18308937,4.71285
17266105,4.56143
13362634,4.7474
10252394,4.19805
18812871,4.25996
18036608,4.60437
16619241,4.95263
16983203,5.40603
11736222,5.67107
15522419,4.96179
15819665,5.09344
12848867,4.83065
789965,4.55612
14446717,4.96518
1538077,5.79862
16376756,4.41017
15199186,4.6436
18433898,4.4735
7181279,4.8748
7785565,5.20821
11475540,4.48677
8408931,4.2852
14902084,5.2409
14786234,5.53832
18962847,4.75354
19290840,4.54167
16759072,4.45233
14651695,4.35188
13754099,5.075
916821,4.30032
1491838,5.37813
4833521,5.07603
13149690,4.36173
6985131,4.1377
1154976,4.8119
17962482,4.41638
2066165,4.32502
7663262,5.00809
6576509,4.68096
17606617,4.25213
428140,5.04658
4987668,4.98856
18255922,4.79058
1180742,4.47903
8410450,5.10642
9703075,4.96018
989163,4.22321
6536669,5.09392
14105177,4.79529
6658545,4.74838
6801334,4.74593
4613691,4.84747
15412415,4.52375
12411726,5.02685
2824741,5.10177
4767159,5.14856
18144767,4.75365
8970516,4.28556
6786283,4.43318
8350042,6.46091
14065198,4.81213
18701144,4.27813
16812740,4.37865
12542261,5.07449
13804000,5.15371
9425816,5.17122
6207473,4.46123
13443665,4.98774
20932773,4.44991
9778960,4.88376
7384481,4.95514
10065216,5.15874
17774119,5.45539
2819109,5.09392
19830344,4.92251
14109673,5.30246
1393980,4.30648
7179563,5.31001
5220266,5.52095
19505956,4.23838
17629529,5.14244
8757802,5.86489
15241115,5.04536
799900,4.14239
14726135,5.30404
8795817,4.28637
16996,5.20456
20070927,4.63161
1689254,4.42237
20710208,4.92829
2601900,4.71712
1144121,4.37868
7940693,4.46836
4165508,4.16916
6646096,5.35177
19121995,4.5601
15042300,4.39784
6467805,4.46661
13450030,5.7093
8925731,4.60156
18915587,5.20902
10359702,4.49152
19450967,4.28147
13733887,4.42844
11401884,5.68307
13715518,4.84801
11787441,4.60292
1113259,5.27234
18662841,4.59116
16724781,4.78665
20404264,4.18692
16650268,5.30835
18550332,5.31536
19165421,5.04882
13294856,4.21382
13676024,5.46639
20946154,5.33724
19689686,5.544
8151985,4.2731
14577181,5.09988
10861791,4.94672
19702049,4.30787
5288228,5.58483
13779555,5.13765
6448095,4.3358
6396519,4.35954
995187,4.47515
1276953,5.07671
8886739,4.25953
14405259,4.30913
11574586,4.26594
15353418,4.73202
18460929,4.85497
7708860,4.86471
20267978,4.65773
6432836,4.33953
1280695,4.94931
7309459,4.15636
13115860,4.30656
1180428,4.80054
17759520,5.36289
2112808,4.6581
8538077,4.88285
18443276,5.13846
9280852,4.88701
8623922,4.24505
958435,4.23499
16256293,4.83846
4461111,5.14258
16392946,4.0919
4853870,4.96927
18331824,5.54487
869189,4.41962
16653428,5.28915
9408218,4.51571
8779868,5.15401
40248,4.3197
17281121,5.11941
16497765,5.17182
1034143,5.22065
21081626,5.49677
2894701,4.78858
13316959,4.82723
16542664,4.26659
10052037,4.97212
18582173,5.4255
20726585,4.81983
1147836,5.51867
16965469,4.16981
2892830,4.95938
15330079,5.36913
8144148,5.46708
15284016,5.63719
9978184,4.62739
7895928,5.82314
17738573,4.40989
20815948,4.89438
20898641,5.45001
13953635,4.15809
8756685,5.01993
1696381,5.61757
13157666,5.05612
15191179,5.48041
19431325,4.30804
20784068,5.57427
8831553,4.93041
19067757,4.2134
7561847,4.51366
13225005,5.12277
5146725,4.56799
11371726,4.46788
13735299,4.5009
13271323,5.17982
9411713,4.55973
4383031,5.13834
17433565,4.57916
15064745,4.66838
2326228,4.26034
11165126,4.09419
13020773,4.3588
11011745,4.82938
10088658,4.46723
8499922,6.85658
5286627,4.48681
18631999,5.84739
1530243,4.91316
10243895,5.02251
15147373,5.15514
11371205,4.98081
6448333,4.44373
20624817,5.81376
13114237,4.63396
581542,4.59938
10134546,4.71025
19885440,4.91222
16927158,4.83147
394116,4.36037
1937575,4.55947
9614672,5.17626
16896919,4.32029
21161671,4.6722
4811421,4.19775
15358881,5.8729
19041275,4.28381
4846138,4.24691
16338759,5.02627
4040760,4.20711
14894267,4.89938
16701972,5.79481
18582141,4.63094
3173685,4.846
17822159,4.40061
8170276,5.22239
2210441,4.19959
17256733,5.79932
15799340,5.05691
17665735,5.31846
15270476,4.23325
13038062,4.82594
16421193,4.31414
18473773,5.84686
29637,5.10811
6926901,5.76615
3498744,4.27263
196770,4.2232
7435276,5.55584
12110663,4.35258
12068923,4.60408
8631901,5.2744
20212233,4.30832
7038110,4.22199
17891285,5.28204
18076567,4.32254
14425546,5.28642
15888045,4.15779
10544617,5.13422
10882778,4.79595
20675475,4.48005
638604,5.86791
11849702,4.65919
7071883,5.35282
13575171,4.45356
5064648,5.36601
14468190,5.87668
6930974,5.76059
15003711,4.96889
2465962,4.39946
20695905,4.3869
5112919,4.42992
12012976,4.36894
7903721,4.9191
5633469,4.58278
2601537,5.81018
13482770,4.4541
20722772,4.66465
13151762,4.99843
12169130,4.74064
4753562,5.11556
6304803,4.41843
6375331,6.02369
16567055,5.08642
6988265,5.02686
4976639,4.34839
16132666,4.25705
18140914,4.19317
13544508,5.73862
17495518,5.53978
20488521,4.26547
11483927,4.98122
5221644,4.92516
16519436,4.36175
13701736,4.39883
2379381,4.09244
18550506,5.13653
15453573,4.31916
14695099,5.72719
18504253,4.71056
7938680,4.79013
4491140,5.13671
18487817,4.8146
6775943,5.1874
14268348,4.4278
16086871,4.53199
13615238,4.30782
231752,5.30074
8047711,4.95457
9434014,4.23908
8837432,5.46206
20092106,4.45409
2117401,5.08227
18086316,5.49488
7480853,4.83816
14520287,4.37164
798100,4.96706
